translation_status,final_url,title,url_language,translated_languages,missing_languages,hreflang_languages,status_code,error
fully_translated,https://vapaaehtoistieto.punainenristi.fi/,Vapaaehtoistieto - Punainen Risti,,"fi, sv, en",,"en, sv, fi",200,
fully_translated,https://vapaaehtoistieto.punainenristi.fi/ruoka-apu,Ruoka-apu - Punainen Risti,,"fi, sv, en",,"en, sv, fi",200,
fully_translated,https://vapaaehtoistieto.punainenristi.fi/punainen-risti-uudistuu,Punainen Risti uudistuu - Punainen Risti,,"fi, sv, en",,"en, sv, fi",200,
partially_translated,https://vapaaehtoistieto.punainenristi.fi/yleiskokous-2026,Yleiskokous 2026  - Punainen Risti,,"fi, sv",en,"sv, fi",200,
fully_translated,https://vapaaehtoistieto.punainenristi.fi/jarjestotoiminta/osastojen-tukimateriaalit/tietoa-uudelle-vapaaehtoiselle,Tietoa uudelle vapaaehtoiselle - Punainen Risti,,"fi, sv, en",,"en, sv, fi",200,
not_translated,https://vapaaehtoistieto.punainenristi.fi/ruoka-apu/asunnottomien-yo,"Asunnottomien yö 2025: Ei kotia, ei turvaa - Punainen Risti",,,"fi, sv, en",,200,
partially_translated,https://vapaaehtoistieto.punainenristi.fi/ruoka-apu/ruoka-avun-koordinaation-kehittamishanke,Ruoka-avun kansallisen koordinaation kehittäminen - Punainen Risti,,"fi, sv",en,"sv, fi",200,
fully_translated,https://vapaaehtoistieto.punainenristi.fi/ruoka-apu/aineellista-apua-ja-osallisuutta,Aineellista apua ja osallisuutta - Punainen Risti,,"fi, sv, en",,"en, sv, fi",200,
not_translated,https://vapaaehtoistieto.punainenristi.fi/toimintamuodot,Vapaaehtoistieto toimintamuodoittain - Punainen Risti,,,"fi, sv, en",,200,
not_translated,https://vapaaehtoistieto.punainenristi.fi/terveyden-edistaminen,Terveyden edistäminen - Punainen Risti,,,"fi, sv, en",,200,
partially_translated,https://vapaaehtoistieto.punainenristi.fi/valmius/psykososiaalinen-tuki,Psykososiaalinen tuki - Punainen Risti,,"fi, sv",en,"sv, fi",200,
fully_translated,https://vapaaehtoistieto.punainenristi.fi/jarjestotoiminta/osastojen-tukimateriaalit/vapaaehtoisuuden-tuki/eettinen-vastuullinen-ilmastoystavallinen-ja-turvallinen-vapaaehtoistoiminta/vapaaehtoisten-uhka--ja-vaaratilanne-tyokalu,Vapaaehtoisten uhka- ja vaaratilanne-työkalu - Punainen Risti,,"fi, sv, en",,"en, sv, fi",200,
fully_translated,https://vapaaehtoistieto.punainenristi.fi/jarjestotoiminta/osastojen-tukimateriaalit/vapaaehtoisuuden-tuki/eettinen-vastuullinen-ilmastoystavallinen-ja-turvallinen-vapaaehtoistoiminta/seksuaalisen-hairinnan-ja-hyvaksikayton-ehkaisy,Seksuaalisen häirinnän ja hyväksikäytön ehkäisy - Punainen Risti,,"fi, sv, en",,"en, sv, fi",200,
not_translated,https://vapaaehtoistieto.punainenristi.fi/ruoka-apu/ruoka-apu-osana-auttamisvalmiutta-2,Ruoka-apu Avun ketju -valmiusharjoituksessa - Punainen Risti,,,"fi, sv, en",,200,
not_translated,https://vapaaehtoistieto.punainenristi.fi/terveyden-edistaminen/terveyspisteet,Terveyspisteet - Punainen Risti,,,"fi, sv, en",,200,
not_translated,https://vapaaehtoistieto.punainenristi.fi/ystavatoiminta,Ystävätoiminta - Punainen Risti,,,"fi, sv, en",,200,
fully_translated,https://vapaaehtoistieto.punainenristi.fi/jarjestotoiminta/vapaaehtoisten-digitaaliset-palvelut,Vapaaehtoisten digitaaliset palvelut - Punainen Risti,,"fi, sv, en",,"en, sv, fi",200,
partially_translated,https://vapaaehtoistieto.punainenristi.fi/jarjestotoiminta/oman-tukisivut/ossi-osastorekisterityokalu,Ossi-osastorekisterityökalu - Punainen Risti,,"fi, sv",en,"sv, fi",200,
fully_translated,https://vapaaehtoistieto.punainenristi.fi/jarjestotoiminta/osastojen-tukimateriaalit/tietoa-uudelle-vapaaehtoiselle/astu-vapaaehtoisen-polulle,Astu vapaaehtoisen polulle - Punainen Risti,,"fi, sv, en",,"en, sv, fi",200,
fully_translated,https://vapaaehtoistieto.punainenristi.fi/jarjestotoiminta/osastojen-tukimateriaalit/punaisen-ristin-viikko,Punaisen Ristin viikko - Punainen Risti,,"fi, sv, en",,"en, sv, fi",200,
fully_translated,https://vapaaehtoistieto.punainenristi.fi/jarjestotoiminta/osastojen-tukimateriaalit/vapaaehtoisuuden-tuki/vapaaehtoistoiminnan-linjaus,Vapaaehtois-toiminnan linjaus - Punainen Risti,,"fi, sv, en",,"en, sv, fi",200,
not_translated,https://vapaaehtoistieto.punainenristi.fi/valmius/auttajakurssi,Auttajakurssi - Punainen Risti,,,"fi, sv, en",,200,
not_translated,https://vapaaehtoistieto.punainenristi.fi/valmius/psykososiaalinen-tuki/henkinen-kriisikestavyys,Henkinen kriisikestävyys ja yhteisöjen resielienssi - Punainen Risti,,,"fi, sv, en",,200,
fully_translated,https://vapaaehtoistieto.punainenristi.fi/jarjestotoiminta/osastojen-tukimateriaalit/vapaaehtoisuuden-tuki/vapaaehtoisten-vakuutukset,Vapaaehtoisten vakuutukset - Punainen Risti,,"fi, sv, en",,"en, sv, fi",200,
partially_translated,https://vapaaehtoistieto.punainenristi.fi/jarjestotoiminta/koulu--ja-oppilaitosyhteistyo,Koulu- ja oppilaitosyhteistyö - Punainen Risti,,"fi, sv",en,"sv, fi",200,
fully_translated,https://vapaaehtoistieto.punainenristi.fi/jarjestotoiminta/vapaaehtoiskouluttajat/hae-vapaaehtoiskouluttajaksi,Hae vapaaehtois-kouluttajaksi - Punainen Risti,,"fi, sv, en",,"en, sv, fi",200,
partially_translated,https://vapaaehtoistieto.punainenristi.fi/jarjestotoiminta/vapaaehtoiskouluttajat/kouluttajakoulutus,Kouluttajakoulutus - Punainen Risti,,"fi, sv",en,"sv, fi",200,
fully_translated,https://vapaaehtoistieto.punainenristi.fi/nuortentoiminta,Nuorten toiminta - Punainen Risti,,"fi, sv, en",,"en, sv, fi",200,
partially_translated,https://vapaaehtoistieto.punainenristi.fi/jarjestotoiminta/tyosuhdeasiat-ja-palkanlaskenta,Työsuhdeasiat ja palkanlaskenta - Punainen Risti,,"fi, sv",en,"sv, fi",200,
not_translated,https://vapaaehtoistieto.punainenristi.fi/yleiskokous-2026/yleiskokous-2026-uutiset/jokaiselle-loytyy-oma-paikka--anne-maarit-hintikka-rohkaisee-mukaan-vapaaehtoistoimintaan,”Jokaiselle löytyy oma paikka” – Anne-Maarit Hintikka rohkaisee mukaan vapaaehtoistoimintaan - Punainen Risti,,,"fi, sv, en",,200,
partially_translated,https://vapaaehtoistieto.punainenristi.fi/yleiskokous-2026/yleiskokous-2026-uutiset/tervetuloa-rovaniemelle,Tervetuloa yleiskokoukseen 2026 Rovaniemelle! - Punainen Risti,,"fi, sv",en,"sv, fi",200,
fully_translated,https://vapaaehtoistieto.punainenristi.fi/verkkoauttaminen,Verkkoauttaminen - Punainen Risti,,"fi, sv, en",,"en, sv, fi",200,
partially_translated,https://vapaaehtoistieto.punainenristi.fi/valmius/ensiapuryhmatoiminta/ensiapuryhmien-kouluttajat,Ensiapuryhmien kouluttajat - Punainen Risti,,"fi, sv",en,"sv, fi",200,
not_translated,https://vapaaehtoistieto.punainenristi.fi/jarjestotoiminta/osastojen-tukimateriaalit/vapaaehtoisuuden-tuki,Vapaaehtoisuuden tuki - Punainen Risti,,,"fi, sv, en",,200,
fully_translated,https://vapaaehtoistieto.punainenristi.fi/jarjestotoiminta/osastojen-tukimateriaalit/vapaaehtoisuuden-tuki/eettinen-vastuullinen-ilmastoystavallinen-ja-turvallinen-vapaaehtoistoiminta/vaarinkaytosilmoitus-vapaaehtoistoiminnassa,Väärinkäytöksestä ilmoittaminen vapaaehtoistoiminnassa - Punainen Risti,,"fi, sv, en",,"en, sv, fi",200,
fully_translated,https://vapaaehtoistieto.punainenristi.fi/jarjestotoiminta/osastojen-tukimateriaalit/vapaaehtoisuuden-tuki/vapaaehtoisten-kiittaminen,Vapaaehtoisten kiittäminen - Punainen Risti,,"fi, sv, en",,"en, sv, fi",200,
partially_translated,https://vapaaehtoistieto.punainenristi.fi/verkkoauttaminen/vapaaehtoiset-verkkoyhteisoissa,Ohjeita verkkoyhteisöjen vapaaehtoisille - Punainen Risti,,"fi, en",sv,"en, fi",200,
fully_translated,https://vapaaehtoistieto.punainenristi.fi/jarjestotoiminta/osastojen-tukimateriaalit/vapaaehtoisuuden-tuki/eettinen-vastuullinen-ilmastoystavallinen-ja-turvallinen-vapaaehtoistoiminta,"Eettinen, vastuullinen, ilmastoystävällinen ja turvallinen vapaaehtoistoiminta - Punainen Risti",,"fi, sv, en",,"en, sv, fi",200,
fully_translated,https://vapaaehtoistieto.punainenristi.fi/jarjestotoiminta/vapaaehtoiskouluttajat,Vapaaehtois-kouluttajat - Punainen Risti,,"fi, sv, en",,"en, sv, fi",200,
fully_translated,https://vapaaehtoistieto.punainenristi.fi/jarjestotoiminta/osastojen-tukimateriaalit/vapaaehtoisuuden-tuki/eettinen-vastuullinen-ilmastoystavallinen-ja-turvallinen-vapaaehtoistoiminta/vaarinkaytosilmoitus-vapaaehtoistoiminnassa,Väärinkäytöksestä ilmoittaminen vapaaehtoistoiminnassa - Punainen Risti,,"fi, sv, en",,"en, sv, fi",200,
not_translated,https://vapaaehtoistieto.punainenristi.fi/varainhankinta,Varainhankinta - Punainen Risti,,,"fi, sv, en",,200,
not_translated,https://vapaaehtoistieto.punainenristi.fi/nuortentoiminta/valtakunnallinen-nuorisotoimikunta,Valtakunnallinen nuorisotoimikunta - Punainen Risti,,,"fi, sv, en",,200,
fully_translated,https://vapaaehtoistieto.punainenristi.fi/jarjestotoiminta/osastojen-tukimateriaalit/vapaaehtoisuuden-tuki/eettinen-vastuullinen-ilmastoystavallinen-ja-turvallinen-vapaaehtoistoiminta/moninainen-rekrytointi,Moninaisen vapaaehtoisrekrytoinnin muistilista - Punainen Risti,,"fi, sv, en",,"en, sv, fi",200,
not_translated,https://vapaaehtoistieto.punainenristi.fi/jarjestotoiminta/osastojen-tukimateriaalit/hallituksen-ja-valiokuntien-tiedotteet-jasenistolle,Hallituksen ja valiokuntien tiedotteet jäsenistölle - Punainen Risti,,,"fi, sv, en",,200,
fully_translated,https://vapaaehtoistieto.punainenristi.fi/nuortentoiminta/nuoriystavallinen-osasto,Nuoriystävällinen osasto - Punainen Risti,,"fi, sv, en",,"en, sv, fi",200,
not_translated,https://vapaaehtoistieto.punainenristi.fi/ruoka-apu/ruoka-aputoiminnan-kouluttajat,Ruoka-aputoiminnan koulutusmateriaalit - Punainen Risti,,,"fi, sv, en",,200,
partially_translated,https://vapaaehtoistieto.punainenristi.fi/ystavatoiminta/ystavana-yksinaiselle,Ystävänä yksinäiselle - Punainen Risti,,"fi, sv",en,"sv, fi",200,
fully_translated,https://vapaaehtoistieto.punainenristi.fi/jarjestotoiminta/oman-tukisivut,OMA:n tukisivut - Punainen Risti,,"fi, sv, en",,"en, sv, fi",200,
fully_translated,https://vapaaehtoistieto.punainenristi.fi/jarjestotoiminta/oman-tukisivut/oman-tapahtumat,OMA:n tapahtumat - Punainen Risti,,"fi, sv, en",,"en, sv, fi",200,
not_translated,https://vapaaehtoistieto.punainenristi.fi/terveyden-edistaminen/terveyspisteet/toteutusohje-ja-toiminnan-periaatteet,Terveyspisteen toteutusohje ja toiminnan periaatteet - Punainen Risti,,,"fi, sv, en",,200,
partially_translated,https://vapaaehtoistieto.punainenristi.fi/nuortentoiminta/nallesairaala,Nallesairaala - Punainen Risti,,"fi, sv",en,"sv, fi",200,
partially_translated,https://vapaaehtoistieto.punainenristi.fi/jarjestotoiminta/oman-tukisivut/operaatio--ja-kampanjakohtaiset-ohjeet,Operaatio- ja kampanjakohtaiset ohjeet - Punainen Risti,,"fi, sv",en,"sv, fi",200,
fully_translated,https://vapaaehtoistieto.punainenristi.fi/jarjestotoiminta/osastojen-tukimateriaalit/vapaaehtoisuuden-tuki/uusien-vapaaehtoisten-vastaanotto,Uusien vapaaehtoisten vastaanotto - Punainen Risti,,"fi, sv, en",,"en, sv, fi",200,
not_translated,https://vapaaehtoistieto.punainenristi.fi/terveyden-edistaminen/paihdetyo,Päihdetyö - Punainen Risti,,,"fi, sv, en",,200,
fully_translated,https://vapaaehtoistieto.punainenristi.fi/verkkoauttaminen/verkkoapu-ja-osastot,Valtakunnallinen verkkoapu ja osastotoiminta - Punainen Risti,,"fi, sv, en",,"en, sv, fi",200,
partially_translated,https://vapaaehtoistieto.punainenristi.fi/nuortentoiminta/nuoriystavallinen-osasto/toimintakulttuurin-kehittaminen,Toimintakulttuurin kehittäminen - Punainen Risti,,"fi, sv",en,"sv, fi",200,
not_translated,https://vapaaehtoistieto.punainenristi.fi/jarjestotoiminta/osastojen-tukimateriaalit/vapaaehtoisuuden-tuki/vapaaehtoisten-perehdytys,Vapaaehtoisten perehdytys - Punainen Risti,,,"fi, sv, en",,200,
not_translated,https://vapaaehtoistieto.punainenristi.fi/ystavatoiminta/ajanjohtaista,Ajankohtaista - Punainen Risti,,,"fi, sv, en",,200,
not_translated,https://vapaaehtoistieto.punainenristi.fi/maahanmuutto,Maahanmuutto - Punainen Risti,,,"fi, sv, en",,200,
not_translated,https://vapaaehtoistieto.punainenristi.fi/ruoka-apu/ruoka-avun-koordinaation-kehittamishanke/ruoka-avun-jarjestokoordinaation-kehittamishanke-2021-2023-stm,Ruoka-avun järjestökoordinaation kehittämishanke 2021-2023 STM - Punainen Risti,,,"fi, sv, en",,200,
not_translated,https://vapaaehtoistieto.punainenristi.fi/varainhankinta/yleiset-kerays-ohjeet/ajankohtaiset-keraykset,Ajankohtaiset keräykset - Punainen Risti,,,"fi, sv, en",,200,
not_translated,https://vapaaehtoistieto.punainenristi.fi/maahanmuutto/maahanmuuttotyon-kouluttajat,Maahanmuuttotyön kouluttajat - Punainen Risti,,,"fi, sv, en",,200,
not_translated,https://vapaaehtoistieto.punainenristi.fi/jarjestotoiminta/osastojen-tukimateriaalit/osastojen-tuki/jasenhankinta,Jäsenhankinta - Punainen Risti,,,"fi, sv, en",,200,
partially_translated,https://vapaaehtoistieto.punainenristi.fi/jarjestotoiminta/oman-tukisivut/kayttoonoton-vaiheet-osastossa,OMA:n käyttöönoton vaiheet osastossa - Punainen Risti,,"fi, sv",en,"sv, fi",200,
partially_translated,https://vapaaehtoistieto.punainenristi.fi/nuortentoiminta/nuoriystavallinen-osasto/toimintatapojen-kehittaminen,Toimintatapojen kehittäminen - Punainen Risti,,"fi, sv",en,"sv, fi",200,
fully_translated,https://vapaaehtoistieto.punainenristi.fi/jarjestotoiminta/osastojen-tukimateriaalit/vapaaehtoisuuden-tuki/eettinen-vastuullinen-ilmastoystavallinen-ja-turvallinen-vapaaehtoistoiminta/sateenkaarevuus-vapaaehtoistoiminnassa,Sateenkaarevuus vapaaehtoistoiminnassa - Punainen Risti,,"fi, sv, en",,"en, sv, fi",200,
not_translated,https://vapaaehtoistieto.punainenristi.fi/jarjestotoiminta/osastojen-tukimateriaalit/osastojen-tuki/avustukset-osastoille,Avustukset osastoille - Punainen Risti,,,"fi, sv, en",,200,
not_translated,https://vapaaehtoistieto.punainenristi.fi/terveyden-edistaminen/arjen-turvallisuus,Tapaturmien ehkäisy - Punainen Risti,,,"fi, sv, en",,200,
fully_translated,https://vapaaehtoistieto.punainenristi.fi/tietosuoja,Tietosuoja - Punainen Risti,,"fi, sv, en",,"en, sv, fi",200,
partially_translated,https://vapaaehtoistieto.punainenristi.fi/jarjestotoiminta/oman-tukisivut/webinaarit,OMA:n webinaarit - Punainen Risti,,"fi, sv",en,"sv, fi",200,
not_translated,https://vapaaehtoistieto.punainenristi.fi/terveyden-edistaminen/arjen-turvallisuus/turvallisuuskampanjat,Turvallisuus-kampanjat - Punainen Risti,,,"fi, sv, en",,200,
partially_translated,https://vapaaehtoistieto.punainenristi.fi/valmius/ensiapuryhmatoiminta/ensiapuryhmien-kouluttajat/ea-paivystysten-johtaminen,EA-päivystysten johtaminen - Punainen Risti,,"fi, sv",en,"sv, fi",200,
not_translated,https://vapaaehtoistieto.punainenristi.fi/varainhankinta/osaston-oma-varainhankinta,Osaston oma varainhankinta - Punainen Risti,,,"fi, sv, en",,200,
fully_translated,https://vapaaehtoistieto.punainenristi.fi/jarjestotoiminta/osastojen-tukimateriaalit/osastojen-tuki/punaisen-ristin-johtamisvalmennus,Punaisen Ristin johtamisvalmennus - Punainen Risti,,"fi, sv, en",,"en, sv, fi",200,
partially_translated,https://vapaaehtoistieto.punainenristi.fi/ystavatoiminta/ystavatoiminnan-materiaalit,Ystävätoiminnan materiaalit - Punainen Risti,,"fi, sv",en,"sv, fi",200,
not_translated,https://vapaaehtoistieto.punainenristi.fi/maahanmuutto/maahanmuuttotyo/kotoutumisen-tuki,Kotoutumisen tuki – tietoa vapaaehtoisille - Punainen Risti,,,"fi, sv, en",,200,
fully_translated,https://vapaaehtoistieto.punainenristi.fi/jarjestotoiminta/vapaaehtoiskouluttajat/kouluttajien-yhteiset-aineistot/moninaisuus-vapaaehtoistoiminnassa--koulutusmoduuli,Moninaisuus vapaaehtoistoiminnassa -koulutusmoduuli - Punainen Risti,,"fi, sv, en",,"en, sv, fi",200,
fully_translated,https://vapaaehtoistieto.punainenristi.fi/ruoka-apu/tietoa-ja-tukea-vapaaehtoisille/taloudellinen-tuki-osastoille,Taloudellinen tuki osastoille ruoka-apuun - Punainen Risti,,"fi, sv, en",,"en, sv, fi",200,
not_translated,https://vapaaehtoistieto.punainenristi.fi/maahanmuutto/maahanmuuttotyon-kouluttajat/arjen-apu,Arjen Apu -koulutus - Punainen Risti,,,"fi, sv, en",,200,
not_translated,https://vapaaehtoistieto.punainenristi.fi/jarjestotoiminta/osastojen-tukimateriaalit/osastojen-tuki/osaston-talousohjeet,Osaston talousohjeet - Punainen Risti,,,"fi, sv, en",,200,
not_translated,https://vapaaehtoistieto.punainenristi.fi/jarjestotoiminta/koulu--ja-oppilaitosyhteistyo/yhteistyota-lukion-kanssa-akaassa,Yhteistyö lukion kanssa innostaa Akaassa - Punainen Risti,,,"fi, sv, en",,200,
partially_translated,https://vapaaehtoistieto.punainenristi.fi/jarjestotoiminta/koulu--ja-oppilaitosyhteistyo/kouluyhteistyon-yhdyshenkilo,Yhdyshenkilön rooli - Punainen Risti,,"fi, sv",en,"sv, fi",200,
not_translated,https://vapaaehtoistieto.punainenristi.fi/terveyden-edistaminen/arjen-turvallisuus/tilaisuuksien-raportointiohjeet,Tilaisuuksien raportointiohjeet - Punainen Risti,,,"fi, sv, en",,200,
not_translated,https://vapaaehtoistieto.punainenristi.fi/nuortentoiminta/toimenpidesuositukset-nuorten-toimijuuden-vahvistamiseksi,Toimenpidesuositukset nuorten vapaaehtoisten toimijuuden vahvistamiseksi - Punainen Risti,,,"fi, sv, en",,200,
fully_translated,https://vapaaehtoistieto.punainenristi.fi/jarjestotoiminta/vapaaehtoiskouluttajat/kouluttajien-yhteiset-aineistot,Kouluttajien yhteiset materiaalit - Punainen Risti,,"fi, sv, en",,"en, sv, fi",200,
not_translated,https://vapaaehtoistieto.punainenristi.fi/maahanmuutto/maahanmuuttotyo,Maahanmuuttotyö - Punainen Risti,,,"fi, sv, en",,200,
fully_translated,https://vapaaehtoistieto.punainenristi.fi/jarjestotoiminta/vapaaehtoiskouluttajat/kouluttajien-yhteiset-aineistot/ryhmanohjaaja-koulutus,Ryhmänohjaajakoulutus - Punainen Risti,,"fi, sv, en",,"en, sv, fi",200,
fully_translated,https://vapaaehtoistieto.punainenristi.fi/jarjestotoiminta/vapaaehtoiskouluttajat/kouluttajien-yhteiset-aineistot/auttamisvamiuden-peruskurssin-kouluttajan-materiaali,Auttamisvalmiuden peruskurssi - Punainen Risti,,"fi, sv, en",,"en, sv, fi",200,
not_translated,https://vapaaehtoistieto.punainenristi.fi/ruoka-apu/tule-mukaan-vapaaehtoiseksi,Haluatko vapaaehtoiseksi ruoka-apuun? - Punainen Risti,,,"fi, sv, en",,200,
not_translated,https://vapaaehtoistieto.punainenristi.fi/maahanmuutto/maahanmuuttotyo/kotoutumisen-tuki/kielikerhot,Kielikerhot - Punainen Risti,,,"fi, sv, en",,200,
partially_translated,https://vapaaehtoistieto.punainenristi.fi/jarjestotoiminta/vapaaehtoiskouluttajat/ajankohtaista-vapaaehtoiskouluttajille/uudistetut-kouluttajasivut-ja-materiaalit,Uudistetut kouluttajasivut ja kouluttajien materiaalipankki - Punainen Risti,,"fi, sv",en,"sv, fi",200,
fully_translated,https://vapaaehtoistieto.punainenristi.fi/jarjestotoiminta/osastojen-tukimateriaalit/tietoa-uudelle-vapaaehtoiselle/keskeiset-kasitteet-tutuksi-vapaaehtoiselle,Keskeiset käsitteet tutuiksi vapaaehtoisille - Punainen Risti,,"fi, sv, en",,"en, sv, fi",200,
not_translated,https://vapaaehtoistieto.punainenristi.fi/terveyden-edistaminen/paihdetyo/paihdetyon_uutiset,Päihdetyön uutiset - Punainen Risti,,,"fi, sv, en",,200,
not_translated,https://vapaaehtoistieto.punainenristi.fi/ruoka-apu/ruoka-apu-osana-auttamisvalmiutta,Ruoka-apu osana auttamisvalmiutta - Punainen Risti,,,"fi, sv, en",,200,
partially_translated,https://vapaaehtoistieto.punainenristi.fi/jarjestotoiminta/osastojen-tukimateriaalit/osastojen-tuki/osastojen-tilastokyselyt-ja-kirjat,"Osastojen tiedonkeruu, tilastokyselyt ja tilastokirjat - Punainen Risti",,"fi, sv",en,"sv, fi",200,
not_translated,https://vapaaehtoistieto.punainenristi.fi/terveyden-edistaminen/arjen-turvallisuus/turvakoutsi-valmentajat,Turvakoutsi-valmentajat - Punainen Risti,,,"fi, sv, en",,200,
not_translated,https://vapaaehtoistieto.punainenristi.fi/maahanmuutto/maahanmuuttotyo/maahantulovarautuminen,Maahantulo-varautuminen - Punainen Risti,,,"fi, sv, en",,200,
partially_translated,https://vapaaehtoistieto.punainenristi.fi/jarjestotoiminta/vapaaehtoiskouluttajat/kouluttajien-yhteiset-aineistot/vapaaehtoisten-voimavarapaiva,Vapaaehtoisten voimavarapäivä - Punainen Risti,,"fi, sv",en,"sv, fi",200,
not_translated,https://vapaaehtoistieto.punainenristi.fi/maahanmuutto/maahanmuuttotyo/perheyhteyksien-palauttaminen,Perheyhteyksien palauttaminen ja säilyttäminen - Punainen Risti,,,"fi, sv, en",,200,
partially_translated,https://vapaaehtoistieto.punainenristi.fi/ystavatoiminta/ystavatoiminnan-materiaalit/joulukahvila,Joulukahvila - Punainen Risti,,"fi, sv",en,"sv, fi",200,
fully_translated,https://vapaaehtoistieto.punainenristi.fi/jarjestotoiminta/osastojen-tukimateriaalit/vapaaehtoisuuden-tuki/lyhytkestoiset-vapaaehtoistehtavat,Lyhytkestoiset vapaaehtoistehtävät Punaisella Ristillä - Punainen Risti,,"fi, sv, en",,"en, sv, fi",200,
fully_translated,https://vapaaehtoistieto.punainenristi.fi/jarjestotoiminta/osastojen-tukimateriaalit/vapaaehtoisuuden-tuki/vapaaehtoisuus-tilastoina,Vapaaehtoisuus tilastoina - Punainen Risti,,"fi, sv, en",,"en, sv, fi",200,
partially_translated,https://vapaaehtoistieto.punainenristi.fi/jarjestotoiminta/koulu--ja-oppilaitosyhteistyo/nalkapaiva-ja-paivatyokerays,Innosta oppilaat mukaan kampanjoihin! - Punainen Risti,,"fi, sv",en,"sv, fi",200,
partially_translated,https://vapaaehtoistieto.punainenristi.fi/jarjestotoiminta/koulu--ja-oppilaitosyhteistyo/vapaaehtoistyo-osana-opintoja,Vapaaehtoistyö osana opintoja - Punainen Risti,,"fi, sv",en,"sv, fi",200,
partially_translated,https://vapaaehtoistieto.punainenristi.fi/ystavatoiminta/ystavavalittajat,Ystävävälittäjät - Punainen Risti,,"fi, sv",en,"sv, fi",200,
not_translated,https://vapaaehtoistieto.punainenristi.fi/maahanmuutto/maahanmuuttotyo/sinustako-punaisen-ristin-kouluttaja,Sinustako Punaisen Ristin kouluttaja? - Punainen Risti,,,"fi, sv, en",,200,
partially_translated,https://vapaaehtoistieto.punainenristi.fi/nuortentoiminta/nuoriystavallinen-osasto/toimintamuotojen-kehittaminen,Toimintamuotojen kehittäminen - Punainen Risti,,"fi, sv",en,"sv, fi",200,
fully_translated,https://vapaaehtoistieto.punainenristi.fi/jarjestotoiminta/osastojen-tukimateriaalit/vapaaehtoisuuden-tuki/eettinen-vastuullinen-ilmastoystavallinen-ja-turvallinen-vapaaehtoistoiminta/lasten-kanssa-toimivien-vapaaehtoisten-rikostaustan-selvittaminen,Lasten kanssa toimivien vapaaehtoisten rikostaustan selvittäminen - Punainen Risti,,"fi, sv, en",,"en, sv, fi",200,
fully_translated,https://vapaaehtoistieto.punainenristi.fi/jarjestotoiminta/vapaaehtoiskouluttajat/suuri-koulutuspaiva,Suuri koulutuspäivä 7.2.2026 - Punainen Risti,,"fi, sv, en",,"en, sv, fi",200,
partially_translated,https://vapaaehtoistieto.punainenristi.fi/jarjestotoiminta/koulu--ja-oppilaitosyhteistyo/oppimateriaalit,Oppimateriaalit - Punainen Risti,,"fi, sv",en,"sv, fi",200,
fully_translated,https://vapaaehtoistieto.punainenristi.fi/jarjestotoiminta/osastojen-tukimateriaalit/vapaaehtoisuuden-tuki/eettinen-vastuullinen-ilmastoystavallinen-ja-turvallinen-vapaaehtoistoiminta/esteettomampi-vapaaehtoistoiminta,Esteettömämpi vapaaehtoistoiminta - Punainen Risti,,"fi, sv, en",,"en, sv, fi",200,
fully_translated,https://vapaaehtoistieto.punainenristi.fi/jarjestotoiminta/vapaaehtoiskouluttajat/kouluttajalinjakohtaiset-aineistot,Kouluttajalinja-kohtaiset materiaalit - Punainen Risti,,"fi, sv, en",,"en, sv, fi",200,
not_translated,https://vapaaehtoistieto.punainenristi.fi/jarjestotoiminta/osastojen-tukimateriaalit/osastojen-tuki/osaston-talousohjeet/talousohjeet-aiheittain,Talousohjeet aiheittain - Punainen Risti,,,"fi, sv, en",,200,
not_translated,https://vapaaehtoistieto.punainenristi.fi/jarjestotoiminta/suojelu,Suojelu ja haavoittuvuudet - Punainen Risti,,,"fi, sv, en",,200,
fully_translated,https://vapaaehtoistieto.punainenristi.fi/nuortentoiminta/nuorten-vaikuttajien-verkosto,Nuorten vaikuttajien verkosto - Punainen Risti,,"fi, sv, en",,"en, sv, fi",200,
not_translated,https://vapaaehtoistieto.punainenristi.fi/ruoka-apu/ruoka-aputoiminnan-kouluttajat/ruoka-aputoiminnan-peruskurssi,Ruoka-aputoiminnan peruskurssi - Punainen Risti,,,"fi, sv, en",,200,
not_translated,https://vapaaehtoistieto.punainenristi.fi/terveyden-edistaminen/paihdetyo/selviamispistetoiminta,Selviämispistetoiminta - Punainen Risti,,,"fi, sv, en",,200,
not_translated,https://vapaaehtoistieto.punainenristi.fi/terveyden-edistaminen/terveyspisteet/terveystietoa-luotettavasti,Terveystietoa luotettavasti - Punainen Risti,,,"fi, sv, en",,200,
not_translated,https://vapaaehtoistieto.punainenristi.fi/jarjestotoiminta/koulu--ja-oppilaitosyhteistyo/oppimateriaalit/videoita-ja-aamunavauksia,Videoita ja valmiita aamunavauksia - Punainen Risti,,,"fi, sv, en",,200,
partially_translated,https://vapaaehtoistieto.punainenristi.fi/jarjestotoiminta/vapaaehtoiskouluttajat/resurssikouluttajat,Resurssikouluttajat - Punainen Risti,,"fi, sv",en,"sv, fi",200,
partially_translated,https://vapaaehtoistieto.punainenristi.fi/ystavatoiminta/ystavavalittajat/ohjeita-valittajille,Ohjeita välittäjille - Punainen Risti,,"fi, sv",en,"sv, fi",200,
fully_translated,https://vapaaehtoistieto.punainenristi.fi/jarjestotoiminta/osastojen-tukimateriaalit/osastojen-tuki/huomionosoitusohje-ja-anomuslomake,Huomionosoitusohje ja anomuslomake - Punainen Risti,,"fi, sv, en",,"en, sv, fi",200,
not_translated,https://vapaaehtoistieto.punainenristi.fi/jarjestotoiminta/osastojen-tukimateriaalit/osastojen-tuki/jarjeston-saannot,Järjestön säännöt - Punainen Risti,,,"fi, sv, en",,200,
not_translated,https://vapaaehtoistieto.punainenristi.fi/maahanmuutto/maahanmuuttotyo/paperittomien-tuki-ohjaus-ja-neuvonta,"Paperittomien tuki, ohjaus ja neuvonta - Punainen Risti",,,"fi, sv, en",,200,
fully_translated,https://vapaaehtoistieto.punainenristi.fi/nuortentoiminta/nuorten-yleiskokous,Nuorten yleiskokous - Punainen Risti,,"fi, sv, en",,"en, sv, fi",200,
partially_translated,https://vapaaehtoistieto.punainenristi.fi/jarjestotoiminta/vapaaehtoiskouluttajat/kouluttajien-yhteiset-aineistot/opintokeskus-sivis,Yhteistö Opintokeskus Siviksen kanssa - Punainen Risti,,"fi, sv",en,"sv, fi",200,
error,https://vapaaehtoistieto.punainenristi.fi/globalassets/vapaaehtoistieto/jarjestotoiminta/osastojen-tukimateriaalit/tt-ot-osastojen-tuki/tt-ot-osastojen-tilastokyselyt-ja--kirjat/tilastokirja-2014.pdf,,,,"fi, sv, en",,,"HTTPSConnectionPool(host='vapaaehtoistieto.punainenristi.fi', port=443): Read timed out. (read timeout=10)"
fully_translated,https://vapaaehtoistieto.punainenristi.fi/jarjestotoiminta/oman-tukisivut/oman-kayttajaprofiili,OMA:n käyttäjäprofiili - Punainen Risti,,"fi, sv, en",,"en, sv, fi",200,
fully_translated,https://vapaaehtoistieto.punainenristi.fi/jarjestotoiminta/osastojen-tukimateriaalit/vapaaehtoisuuden-tuki/eettinen-vastuullinen-ilmastoystavallinen-ja-turvallinen-vapaaehtoistoiminta/ilmastoystavallinen-vapaaehtoistoiminta,Ilmastoystävällinen vapaaehtoistoiminta - Punainen Risti,,"fi, sv, en",,"en, sv, fi",200,
not_translated,https://vapaaehtoistieto.punainenristi.fi/terveyden-edistaminen/paihdetyo/aineistoja_paihdetyohon,Aineistoja Päihdetyöhön - Punainen Risti,,,"fi, sv, en",,200,
partially_translated,https://vapaaehtoistieto.punainenristi.fi/jarjestotoiminta/vapaaehtoiskouluttajat/kouluttajien-yhteiset-aineistot/osallistavat-menetelmat-koulutuksissa,Osallistavat menetelmät koulutuksissa - Punainen Risti,,"fi, sv",en,"sv, fi",200,
partially_translated,https://vapaaehtoistieto.punainenristi.fi/jarjestotoiminta/vapaaehtoiskouluttajat/jarjestokouluttajat/punainen-risti-tutuksi,Punainen Risti tutuksi - Punainen Risti,,"fi, sv",en,"sv, fi",200,
partially_translated,https://vapaaehtoistieto.punainenristi.fi/terveyden-edistaminen/arjen-turvallisuus/turvallisuuskampanjat/pysy-pystyssa--kampanja,Pysy pystyssä -kampanja - Punainen Risti,,"fi, sv",en,"sv, fi",200,
not_translated,https://vapaaehtoistieto.punainenristi.fi/varainhankinta/hataapukerays-ukraina,Hätäapukeräys Ukraina - Punainen Risti,,,"fi, sv, en",,200,
not_translated,https://vapaaehtoistieto.punainenristi.fi/jarjestotoiminta/osastojen-tukimateriaalit/vapaaehtoisuuden-tuki/vapaaehtoisten-kulukorvaukset,Vapaaehtoisten kulukorvaukset - Punainen Risti,,,"fi, sv, en",,200,
fully_translated,https://vapaaehtoistieto.punainenristi.fi/jarjestotoiminta/osastojen-tukimateriaalit/vapaaehtoisuuden-tuki/eettinen-vastuullinen-ilmastoystavallinen-ja-turvallinen-vapaaehtoistoiminta/esteettomyys-ja-saavutettavuus-vapaaehtoistoiminnassa,Esteettömyys ja saavutettavuus vapaaehtoistoiminnassa - Punainen Risti,,"fi, sv, en",,"en, sv, fi",200,
partially_translated,https://vapaaehtoistieto.punainenristi.fi/viestinta/osastojen-viestinta,Työkaluja osastojen viestintään - Punainen Risti,,"fi, sv",en,"sv, fi",200,
fully_translated,https://vapaaehtoistieto.punainenristi.fi/nuortentoiminta/ohje-alaikaisten-henkilotietojen-keraamiseen-ja-kasittelyyn,Ohje alaikäisten henkilötietojen keräämiseen ja käsittelyyn - Punainen Risti,,"fi, sv, en",,"en, sv, fi",200,
not_translated,https://vapaaehtoistieto.punainenristi.fi/maahanmuutto/maahanmuuttotyo/perheyhteyksien-palauttaminen/perheenyhdistaminen,Perheenyhdistäminen - Punainen Risti,,,"fi, sv, en",,200,
partially_translated,https://vapaaehtoistieto.punainenristi.fi/maahanmuutto/maahanmuuttotyo/maahanmuuttotyon-uutiskirjeet/punainen-risti-pitaa-yhta--nuoret-saksan-punaisen-ristin-vieraina,Punainen Risti pitää yhtä – Nuoret Saksan Punaisen Ristin vieraina - Punainen Risti,,"fi, sv",en,"sv, fi",200,
not_translated,https://vapaaehtoistieto.punainenristi.fi/terveyden-edistaminen/paihdetyo/aineistoja_paihdetyohon/paihdetyon-webinaari-tallenteet,Päihdetyön webinaari tallenteet - Punainen Risti,,,"fi, sv, en",,200,
partially_translated,https://vapaaehtoistieto.punainenristi.fi/jarjestotoiminta/koulu--ja-oppilaitosyhteistyo/kouluvierailut,Kouluvierailijaksi - Punainen Risti,,"fi, sv",en,"sv, fi",200,
fully_translated,https://vapaaehtoistieto.punainenristi.fi/jarjestotoiminta/oman-tukisivut/oman-ryhmat,OMA:n ryhmät - Punainen Risti,,"fi, sv, en",,"en, sv, fi",200,
not_translated,https://vapaaehtoistieto.punainenristi.fi/valmius/psykososiaalinen-tuki/Henkisen-tuen-kouluttajat,Henkisen tuen kouluttajat - Punainen Risti,,,"fi, sv, en",,200,
not_translated,https://vapaaehtoistieto.punainenristi.fi/humanitaarisen-oikeuden-kouluttajat,Humanitaarisen oikeuden kouluttajat - Punainen Risti,,,"fi, sv, en",,200,
error,https://vapaaehtoistieto.punainenristi.fi/EPiServer/CMS/~/link/94af93af213e482d8467840dc2d73ea3.aspx,,,,"fi, sv, en",,404,HTTP 404
partially_translated,https://vapaaehtoistieto.punainenristi.fi/jarjestotoiminta/vapaaehtoiskouluttajat/jarjestokouluttajat/lippu-korkealle,Lippu korkealle! - Punainen Risti,,"fi, sv",en,"sv, fi",200,
not_translated,https://vapaaehtoistieto.punainenristi.fi/maahanmuutto/maahanmuuttotyon-kouluttajat/perheyhteyksien-palauttaminen-ja-sailyttaminen,Perheyhteyksien palauttaminen ja säilyttäminen -koulutus - Punainen Risti,,,"fi, sv, en",,200,
fully_translated,https://vapaaehtoistieto.punainenristi.fi/jarjestotoiminta/vapaaehtoiskouluttajat/kouluttajien-yhteiset-aineistot/punaisen-ristin-esittelymateriaalit,Punaisen Ristin esittelymateriaalit - Punainen Risti,,"fi, sv, en",,"en, sv, fi",200,
partially_translated,https://vapaaehtoistieto.punainenristi.fi/ystavatoiminta/ystavat-auttamisvalmiudessa,Ystävät auttamisvalmiudessa - Punainen Risti,,"fi, sv",en,"sv, fi",200,
error,https://vapaaehtoistieto.punainenristi.fi/Recycle-Bin/lukupiirin-perustaminen-ikaantyneille.pdf,,,,"fi, sv, en",,404,HTTP 404
partially_translated,https://vapaaehtoistieto.punainenristi.fi/nuortentoiminta/nuorten-digiraadit,Nuorten Digiraati - Punainen Risti,,"fi, sv",en,"sv, fi",200,
not_translated,https://vapaaehtoistieto.punainenristi.fi/valmius/psykososiaalinen-tuki/henkisen-tuen-ryhmat,Henkisen tuen ryhmät - Punainen Risti,,,"fi, sv, en",,200,
not_translated,https://vapaaehtoistieto.punainenristi.fi/maahanmuutto/maahanmuuttotyo/kotoutumisen-tuki/laksykerhot-ja-laksyhelpit,LäksyHelpit - Punainen Risti,,,"fi, sv, en",,200,
fully_translated,https://vapaaehtoistieto.punainenristi.fi/jarjestotoiminta/oman-tukisivut/tarvitsetko-lisaa-apua,Tarvitsetko lisää apua OMA:n kanssa? - Punainen Risti,,"fi, sv, en",,"en, sv, fi",200,
partially_translated,https://vapaaehtoistieto.punainenristi.fi/ruoka-apu/tietoa-ja-tukea-vapaaehtoisille,Tietoa ja tukea vapaaehtoisille ruoka-avusta - Punainen Risti,,"fi, sv",en,"sv, fi",200,
partially_translated,https://vapaaehtoistieto.punainenristi.fi/jarjestotoiminta/koulu--ja-oppilaitosyhteistyo/ensiapupeli,InAction-ensiapupeli - Punainen Risti,,"fi, sv",en,"sv, fi",200,
fully_translated,https://vapaaehtoistieto.punainenristi.fi/jarjestotoiminta,Järjestötoiminta - Punainen Risti,,"fi, sv, en",,"en, sv, fi",200,
fully_translated,https://vapaaehtoistieto.punainenristi.fi/jarjestotoiminta/osastojen-tukimateriaalit/vapaaehtoisuuden-tuki/vapaaehtoisen-hyvinvointi,Vapaaehtoisen hyvinvointi - Punainen Risti,,"fi, sv, en",,"en, sv, fi",200,
not_translated,https://vapaaehtoistieto.punainenristi.fi/ystavatoiminta/ystavatoiminnan-koulutukset,Ystävätoiminnan koulutukset - Punainen Risti,,,"fi, sv, en",,200,
not_translated,https://vapaaehtoistieto.punainenristi.fi/terveyden-edistaminen/terveyspisteet/materiaalit-terveyskeskustelujen-tueksi,Materiaalit terveyskeskustelujen tueksi - Punainen Risti,,,"fi, sv, en",,200,
partially_translated,https://vapaaehtoistieto.punainenristi.fi/valmius,Valmius vapaaehtoisille - Punainen Risti,,"fi, sv",en,"sv, fi",200,
not_translated,https://vapaaehtoistieto.punainenristi.fi/viestinta,Vapaaehtoisten viestintä - Punainen Risti,,,"fi, sv, en",,200,
not_translated,https://vapaaehtoistieto.punainenristi.fi/maahanmuutto/maahanmuuttotyo/kotoutumisen-tuki/arjen-apu,Arjen apu - Punainen Risti,,,"fi, sv, en",,200,
fully_translated,https://vapaaehtoistieto.punainenristi.fi/jarjestotoiminta/osastojen-tukimateriaalit/osastojen-tuki/jarjeston-saannot-toimintalinjaukset-ja--suunnitelmat,Järjestön toimintalinjaukset ja -suunnitelmat - Punainen Risti,,"fi, sv, en",,"en, sv, fi",200,
not_translated,https://vapaaehtoistieto.punainenristi.fi/ystavatoiminta/hyva-joulumieli,Hyvä Joulumieli -keräyksestä vapaaehtoisille - Punainen Risti,,,"fi, sv, en",,200,
partially_translated,https://vapaaehtoistieto.punainenristi.fi/nuortentoiminta/vanuton-toiminpidesuositukset,Vanuton toiminpidesuositukset - Punainen Risti,,"fi, sv",en,"sv, fi",200,
not_translated,https://vapaaehtoistieto.punainenristi.fi/maahanmuutto/maahanmuuttotyo/kotoutumisen-tuki/leirit,Maahanmuuttotyön leirit  - Punainen Risti,,,"fi, sv, en",,200,
not_translated,https://vapaaehtoistieto.punainenristi.fi/terveyden-edistaminen/paihdetyo/aineistoja_paihdetyohon/materiaaleja-terveyden-edistamisen-ryhmailtoja-varten,Materiaaleja terveyden edistämisen ryhmäiltoja varten - Punainen Risti,,,"fi, sv, en",,200,
partially_translated,https://vapaaehtoistieto.punainenristi.fi/uudistuu,RedNet uudistuu - Punainen Risti,,"fi, sv",en,"sv, fi",200,
not_translated,https://vapaaehtoistieto.punainenristi.fi/maahanmuutto/maahanmuuttotyon-kouluttajat/punaisen-ristin-avun-ketju,Punaisen Ristin avun ketju -roolipeli - Punainen Risti,,,"fi, sv, en",,200,
fully_translated,https://vapaaehtoistieto.punainenristi.fi/jarjestotoiminta/osastojen-tukimateriaalit/vapaaehtoisuuden-tuki/eettinen-vastuullinen-ilmastoystavallinen-ja-turvallinen-vapaaehtoistoiminta/sopuisasti-punaisessa-ristissa,Sopuisasti Punaisessa Ristissä - Punainen Risti,,"fi, sv, en",,"en, sv, fi",200,
not_translated,https://vapaaehtoistieto.punainenristi.fi/maahanmuutto/maahanmuuttotyo/kotoutumisen-tuki/ystavatoiminta,Ystävätoiminta maahanmuuttaneen kanssa - Punainen Risti,,,"fi, sv, en",,200,
not_translated,https://vapaaehtoistieto.punainenristi.fi/maahanmuutto/maahanmuuttotyo/yhteistyoverkostot,Maahanmuuttotyön yhteistyöverkostot - Punainen Risti,,,"fi, sv, en",,200,
not_translated,https://vapaaehtoistieto.punainenristi.fi/terveyden-edistaminen/arjen-turvallisuus/turvakoutsien-taydennyskoulutuksia-ja-tapaamisia-2025/turvakoutsien-taydennyskoulutuksia-ja-tapaamisia-2022-2024,Menneitä Turvakoutsien täydennyskoulutuksia ja tapaamisia - Punainen Risti,,,"fi, sv, en",,200,
not_translated,https://vapaaehtoistieto.punainenristi.fi/maahanmuutto/maahanmuuttotyo/kotoutumisen-tuki/kansainvaliset-klubit,Kansainväliset klubit - Punainen Risti,,,"fi, sv, en",,200,
error,https://vapaaehtoistieto.punainenristi.fi/EPiServer/CMS/~/link/3fb6e025d5014cdbba4a217c6e5b9769.aspx,,,,"fi, sv, en",,404,HTTP 404
not_translated,https://vapaaehtoistieto.punainenristi.fi/jarjestotoiminta/osastojen-tukimateriaalit/osastojen-tuki,Osastojen tuki - Punainen Risti,,,"fi, sv, en",,200,
not_translated,https://vapaaehtoistieto.punainenristi.fi/terveyden-edistaminen/arjen-turvallisuus/turvakoutsilaukku,Turvakoutsilaukku - Punainen Risti,,,"fi, sv, en",,200,
partially_translated,https://vapaaehtoistieto.punainenristi.fi/maahanmuutto/maahanmuuttotyo/maahanmuuttotyon-uutiskirjeet/liikkuvassa-kohtaamispaikassa-apu-tulee-ihmisten-luo,Liikkuvassa kohtaamispaikassa apu tulee ihmisten luo - Punainen Risti,,"fi, sv",en,"sv, fi",200,
not_translated,https://vapaaehtoistieto.punainenristi.fi/jarjestotoiminta/osastojen-tukimateriaalit/osastojen-tuki/paikallisten-tarpeiden-arviointi,Paikallisten tarpeiden arviointi - Punainen Risti,,,"fi, sv, en",,200,
error,https://vapaaehtoistieto.punainenristi.fi/EPiServer/CMS/~/link/62d4383794a845978231d8795dd82fbc.aspx,,,,"fi, sv, en",,404,HTTP 404
not_translated,https://vapaaehtoistieto.punainenristi.fi/maahanmuutto/maahanmuuttotyo/vapaaehtoiset-kertovat,Vapaaehtoiset kertovat - Punainen Risti,,,"fi, sv, en",,200,
not_translated,https://vapaaehtoistieto.punainenristi.fi/maahanmuutto/maahanmuuttotyo/materiaaleja,Materiaaleja - Punainen Risti,,,"fi, sv, en",,200,
partially_translated,https://vapaaehtoistieto.punainenristi.fi/ystavatoiminta/ystavavalittajat/verkkoystavavalitys,Verkkoystävävälitys - Punainen Risti,,"fi, sv",en,"sv, fi",200,
not_translated,https://vapaaehtoistieto.punainenristi.fi/ystavatoiminta/ystavatoiminnan-koulutukset/ystavtoiminnan-taydennyskoulutukset,Ystävätoiminnan täydennys-koulutukset - Punainen Risti,,,"fi, sv, en",,200,
not_translated,https://vapaaehtoistieto.punainenristi.fi/humanitaarisen-oikeuden-kouluttajat/humanitaarisen-oikeuden-peruskurssi,Humanitaarisen oikeuden peruskurssi - Punainen Risti,,,"fi, sv, en",,200,
partially_translated,https://vapaaehtoistieto.punainenristi.fi/maahanmuutto/maahanmuuttotyo/maahanmuuttotyon-uutiskirjeet/tavallisia-ihmisia-vaikeassa-asemassa--tukipiste-mosaiikki-auttaa-paperittomia-helsingissa,Tavallisia ihmisiä vaikeassa asemassa – Tukipiste Mosaiikki auttaa paperittomia Helsingissä - Punainen Risti,,"fi, sv",en,"sv, fi",200,
not_translated,https://vapaaehtoistieto.punainenristi.fi/ystavatoiminta/ystavatoiminnan-koulutukset/ystavtoiminnan-taydennyskoulutukset/vapaaehtoisille-mielenterveydesta,Vapaaehtoisille mielenterveydetä - Punainen Risti,,,"fi, sv, en",,200,
fully_translated,https://vapaaehtoistieto.punainenristi.fi/jarjestotoiminta/vapaaehtoiskouluttajat/kouluttajien-yhteiset-aineistot/yhteiset-mallit-ja-pohjat,Yhteiset mallit ja pohjat - Punainen Risti,,"fi, sv, en",,"en, sv, fi",200,
not_translated,https://vapaaehtoistieto.punainenristi.fi/valmius/ensihuoltotoiminta,Ensihuoltotoiminta - Punainen Risti,,,"fi, sv, en",,200,
error,https://vapaaehtoistieto.punainenristi.fi/ruoka-apu/~/link/tyomme/kotimaa/ruoka-aputoiminta/~/link/tyomme/kotimaa/ruoka-aputoiminta/~/link/tyomme/kotimaa/ruoka-aputoiminta/~/link/tyomme/kotimaa/ruoka-aputoiminta/~/link/tyomme/kotimaa/ruoka-aputoiminta/~/link/tyomme/kotimaa/ruoka-aputoiminta/~/link/tyomme/kotimaa/ruoka-aputoiminta/~/link/tyomme/kotimaa/ruoka-aputoiminta/~/link/tyomme/kotimaa/ruoka-aputoiminta/~/link/tyomme/kotimaa/ruoka-aputoiminta/~/link/tyomme/kotimaa/ruoka-aputoiminta/~/link/tyomme/kotimaa/ruoka-aputoiminta/~/link/tyomme/kotimaa/ruoka-aputoiminta/~/link/tyomme/kotimaa/ruoka-aputoiminta/~/link/tyomme/kotimaa/ruoka-aputoiminta/~/link/tyomme/kotimaa/ruoka-aputoiminta/~/link/tyomme/kotimaa/ruoka-aputoiminta/~/link/tyomme/kotimaa/ruoka-aputoiminta/~/link/tyomme/kotimaa/ruoka-aputoiminta/~/link/tyomme/kotimaa/ruoka-aputoiminta/~/link/tyomme/kotimaa/ruoka-aputoiminta/~/link/tyomme/kotimaa/ruoka-aputoiminta/~/link/tyomme/kotimaa/ruoka-aputoiminta/~/link/tyomme/kotimaa/ruoka-aputoiminta/~/link/tyomme/kotimaa/ruoka-aputoiminta/~/link/tyomme/kotimaa/ruoka-aputoiminta/~/link/tyomme/kotimaa/ruoka-aputoiminta/~/link/tyomme/kotimaa/ruoka-aputoiminta/~/link/tyomme/kotimaa/ruoka-aputoiminta/~/link/tyomme/kotimaa/ruoka-aputoiminta/~/link/tyomme/kotimaa/ruoka-aputoiminta/~/link/tyomme/kotimaa/ruoka-aputoiminta/~/link/tyomme/kotimaa/ruoka-aputoiminta/~/link/tyomme/kotimaa/ruoka-aputoiminta/~/link/tyomme/kotimaa/ruoka-aputoiminta/~/link/tyomme/kotimaa/ruoka-aputoiminta/~/link/tyomme/kotimaa/ruoka-aputoiminta/~/link/tyomme/kotimaa/ruoka-aputoiminta/~/link/tyomme/kotimaa/ruoka-aputoiminta/~/link/tyomme/kotimaa/ruoka-aputoiminta/~/link/tyomme/kotimaa/ruoka-aputoiminta/~/link/tyomme/kotimaa/ruoka-aputoiminta/~/link/tyomme/kotimaa/ruoka-aputoiminta/~/link/tyomme/kotimaa/ruoka-aputoiminta/~/link/tyomme/kotimaa/ruoka-aputoiminta/~/link/tyomme/kotimaa/ruoka-aputoiminta/~/link/tyomme/kotimaa/ruoka-aputoiminta/~/link/tyomme/kotimaa/ruoka-aputoiminta/~/link/tyomme/kotimaa/ruoka-aputoiminta/~/link/tyomme/kotimaa/ruoka-aputoiminta/~/link/tyomme/kotimaa/ruoka-aputoiminta/~/link/tyomme/kotimaa/ruoka-aputoiminta/~/link/tyomme/kotimaa/ruoka-aputoiminta/~/link/tyomme/kotimaa/ruoka-aputoiminta/~/link/tyomme/kotimaa/ruoka-aputoiminta/~/link/tyomme/kotimaa/ruoka-aputoiminta/~/link/tyomme/kotimaa/ruoka-aputoiminta/~/link/tyomme/kotimaa/ruoka-aputoiminta/~/link/tyomme/kotimaa/ruoka-aputoiminta/~/link/tyomme/kotimaa/ruoka-aputoiminta/~/link/tyomme/kotimaa/ruoka-aputoiminta/~/link/tyomme/kotimaa/ruoka-aputoiminta/~/link/tyomme/kotimaa/ruoka-aputoiminta/~/link/tyomme/kotimaa/ruoka-aputoiminta/~/link/tyomme/kotimaa/ruoka-aputoiminta/~/link/tyomme/kotimaa/ruoka-aputoiminta/~/link/tyomme/kotimaa/ruoka-aputoiminta/~/link/tyomme/kotimaa/ruoka-aputoiminta/~/link/tyomme/kotimaa/ruoka-aputoiminta/~/link/tyomme/kotimaa/ruoka-aputoiminta/~/link/tyomme/kotimaa/ruoka-aputoiminta/~/link/tyomme/kotimaa/ruoka-aputoiminta/~/link/tyomme/kotimaa/ruoka-aputoiminta/~/link/tyomme/kotimaa/ruoka-aputoiminta/~/link/tyomme/kotimaa/ruoka-aputoiminta/~/link/tyomme/kotimaa/ruoka-aputoiminta/~/link/tyomme/kotimaa/ruoka-aputoiminta/~/link/tyomme/kotimaa/ruoka-aputoiminta/~/link/tyomme/kotimaa/ruoka-aputoiminta/~/link/tyomme/kotimaa/ruoka-aputoiminta/~/link/tyomme/kotimaa/ruoka-aputoiminta/~/link/tyomme/kotimaa/ruoka-aputoiminta/~/link/tyomme/kotimaa/ruoka-aputoiminta/~/link/tyomme/kotimaa/ruoka-aputoiminta/~/link/tyomme/kotimaa/ruoka-aputoiminta/~/link/tyomme/kotimaa/ruoka-aputoiminta/~/link/tyomme/kotimaa/ruoka-aputoiminta/~/link/tyomme/kotimaa/ruoka-aputoiminta/~/link/tyomme/kotimaa/ruoka-aputoiminta/~/link/tyomme/kotimaa/ruoka-aputoiminta/~/link/tyomme/kotimaa/ruoka-aputoiminta/~/link/tyomme/kotimaa/ruoka-aputoiminta/~/link/tyomme/kotimaa/ruoka-aputoiminta/~/link/tyomme/kotimaa/ruoka-aputoiminta/~/link/tyomme/kotimaa/ruoka-aputoiminta/~/link/tyomme/kotimaa/ruoka-aputoiminta/~/link/tyomme/kotimaa/ruoka-aputoiminta/~/link/tyomme/kotimaa/ruoka-aputoiminta/~/link/tyomme/kotimaa/ruoka-aputoiminta/~/link/tyomme/kotimaa/ruoka-aputoiminta/~/link/tyomme/kotimaa/ruoka-aputoiminta/~/link/tyomme/kotimaa/ruoka-aputoiminta/~/link/tyomme/kotimaa/ruoka-aputoiminta/~/link/tyomme/kotimaa/ruoka-aputoiminta/~/link/tyomme/kotimaa/ruoka-aputoiminta/~/link/tyomme/kotimaa/ruoka-aputoiminta/~/link/tyomme/kotimaa/ruoka-aputoiminta/~/link/tyomme/kotimaa/ruoka-aputoiminta/~/link/tyomme/kotimaa/ruoka-aputoiminta/~/link/tyomme/kotimaa/ruoka-aputoiminta/~/link/tyomme/kotimaa/ruoka-aputoiminta/~/link/tyomme/kotimaa/ruoka-aputoiminta/~/link/tyomme/kotimaa/ruoka-aputoiminta/~/link/tyomme/kotimaa/ruoka-aputoiminta/~/link/tyomme/kotimaa/ruoka-aputoiminta/~/link/tyomme/kotimaa/ruoka-aputoiminta/~/link/tyomme/kotimaa/ruoka-aputoiminta/~/link/tyomme/kotimaa/ruoka-aputoiminta/~/link/tyomme/kotimaa/ruoka-aputoiminta/~/link/tyomme/kotimaa/ruoka-aputoiminta/~/link/tyomme/kotimaa/ruoka-aputoiminta/~/link/tyomme/kotimaa/ruoka-aputoiminta/~/link/tyomme/kotimaa/ruoka-aputoiminta/~/link/tyomme/kotimaa/ruoka-aputoiminta/~/link/tyomme/kotimaa/ruoka-aputoiminta/~/link/tyomme/kotimaa/ruoka-aputoiminta/~/link/tyomme/kotimaa/ruoka-aputoiminta/~/link/tyomme/kotimaa/ruoka-aputoiminta/~/link/tyomme/kotimaa/ruoka-aputoiminta/~/link/tyomme/kotimaa/ruoka-aputoiminta/~/link/tyomme/kotimaa/ruoka-aputoiminta/~/link/tyomme/kotimaa/ruoka-aputoiminta/~/link/tyomme/kotimaa/ruoka-aputoiminta/~/link/tyomme/kotimaa/ruoka-aputoiminta/~/link/tyomme/kotimaa/ruoka-aputoiminta/~/link/tyomme/kotimaa/ruoka-aputoiminta/~/link/tyomme/kotimaa/ruoka-aputoiminta/~/link/tyomme/kotimaa/ruoka-aputoiminta/~/link/tyomme/kotimaa/ruoka-aputoiminta/~/link/tyomme/kotimaa/ruoka-aputoiminta/~/link/tyomme/kotimaa/ruoka-aputoiminta/~/link/tyomme/kotimaa/ruoka-aputoiminta/~/link/tyomme/kotimaa/ruoka-aputoiminta/~/link/tyomme/kotimaa/ruoka-aputoiminta/~/link/tyomme/kotimaa/ruoka-aputoiminta/~/link/tyomme/kotimaa/ruoka-aputoiminta/~/link/tyomme/kotimaa/ruoka-aputoiminta/~/link/tyomme/kotimaa/ruoka-aputoiminta/~/link/tyomme/kotimaa/ruoka-aputoiminta/~/link/tyomme/kotimaa/ruoka-aputoiminta/~/link/tyomme/kotimaa/ruoka-aputoiminta/~/link/tyomme/kotimaa/ruoka-aputoiminta/~/link/tyomme/kotimaa/ruoka-aputoiminta/~/link/tyomme/kotimaa/ruoka-aputoiminta/~/link/tyomme/kotimaa/ruoka-aputoiminta/~/link/tyomme/kotimaa/ruoka-aputoiminta/~/link/tyomme/kotimaa/ruoka-aputoiminta/~/link/tyomme/kotimaa/ruoka-aputoiminta/~/link/tyomme/kotimaa/ruoka-aputoiminta/~/link/tyomme/kotimaa/ruoka-aputoiminta/~/link/tyomme/kotimaa/ruoka-aputoiminta/~/link/tyomme/kotimaa/ruoka-aputoiminta/~/link/tyomme/kotimaa/ruoka-aputoiminta/~/link/tyomme/kotimaa/ruoka-aputoiminta/~/link/tyomme/kotimaa/ruoka-aputoiminta/~/link/tyomme/kotimaa/ruoka-aputoiminta/~/link/tyomme/kotimaa/ruoka-aputoiminta/~/link/tyomme/kotimaa/ruoka-aputoiminta/~/link/tyomme/kotimaa/ruoka-aputoiminta/~/link/tyomme/kotimaa/ruoka-aputoiminta/~/link/tyomme/kotimaa/ruoka-aputoiminta/~/link/tyomme/kotimaa/ruoka-aputoiminta/~/link/tyomme/kotimaa/ruoka-aputoiminta/~/link/tyomme/kotimaa/ruoka-aputoiminta/~/link/tyomme/kotimaa/ruoka-aputoiminta/~/link/tyomme/kotimaa/ruoka-aputoiminta/~/link/tyomme/kotimaa/ruoka-aputoiminta/~/link/tyomme/kotimaa/ruoka-aputoiminta/~/link/tyomme/kotimaa/ruoka-aputoiminta/~/link/tyomme/kotimaa/ruoka-aputoiminta/~/link/tyomme/kotimaa/ruoka-aputoiminta/~/link/tyomme/kotimaa/ruoka-aputoiminta/~/link/tyomme/kotimaa/ruoka-aputoiminta/~/link/tyomme/kotimaa/ruoka-aputoiminta/~/link/tyomme/kotimaa/ruoka-aputoiminta/~/link/tyomme/kotimaa/ruoka-aputoiminta/~/link/tyomme/kotimaa/ruoka-aputoiminta/~/link/tyomme/kotimaa/ruoka-aputoiminta/~/link/tyomme/kotimaa/ruoka-aputoiminta/~/link/tyomme/kotimaa/ruoka-aputoiminta/~/link/tyomme/kotimaa/ruoka-aputoiminta/~/link/tyomme/kotimaa/ruoka-aputoiminta/~/link/tyomme/kotimaa/ruoka-aputoiminta/~/link/tyomme/kotimaa/ruoka-aputoiminta/~/link/tyomme/kotimaa/ruoka-aputoiminta/~/link/tyomme/kotimaa/ruoka-aputoiminta/~/link/tyomme/kotimaa/ruoka-aputoiminta/~/link/tyomme/kotimaa/ruoka-aputoiminta/~/link/tyomme/kotimaa/ruoka-aputoiminta/~/link/tyomme/kotimaa/ruoka-aputoiminta/~/link/tyomme/kotimaa/ruoka-aputoiminta/~/link/tyomme/kotimaa/ruoka-aputoiminta/~/link/tyomme/kotimaa/ruoka-aputoiminta/~/link/tyomme/kotimaa/ruoka-aputoiminta/~/link/tyomme/kotimaa/ruoka-aputoiminta/~/link/tyomme/kotimaa/ruoka-aputoiminta/~/link/tyomme/kotimaa/ruoka-aputoiminta/~/link/tyomme/kotimaa/ruoka-aputoiminta/~/link/tyomme/kotimaa/ruoka-aputoiminta/~/link/tyomme/kotimaa/ruoka-aputoiminta/~/link/tyomme/kotimaa/ruoka-aputoiminta/~/link/tyomme/kotimaa/ruoka-aputoiminta/~/link/tyomme/kotimaa/ruoka-aputoiminta/~/link/tyomme/kotimaa/ruoka-aputoiminta/~/link/tyomme/kotimaa/ruoka-aputoiminta/~/link/tyomme/kotimaa/ruoka-aputoiminta/~/link/tyomme/kotimaa/ruoka-aputoiminta/~/link/tyomme/kotimaa/ruoka-aputoiminta/~/link/tyomme/kotimaa/ruoka-aputoiminta/~/link/tyomme/kotimaa/ruoka-aputoiminta/~/link/tyomme/kotimaa/ruoka-aputoiminta/~/link/tyomme/kotimaa/ruoka-aputoiminta/~/link/tyomme/kotimaa/ruoka-aputoiminta/~/link/tyomme/kotimaa/ruoka-aputoiminta/~/link/tyomme/kotimaa/ruoka-aputoiminta/~/link/tyomme/kotimaa/ruoka-aputoiminta/~/link/tyomme/kotimaa/ruoka-aputoiminta/~/link/tyomme/kotimaa/ruoka-aputoiminta/~/link/tyomme/kotimaa/ruoka-aputoiminta/~/link/tyomme/kotimaa/ruoka-aputoiminta/~/link/tyomme/kotimaa/ruoka-aputoiminta/~/link/tyomme/kotimaa/ruoka-aputoiminta/~/link/tyomme/kotimaa/ruoka-aputoiminta/~/link/tyomme/kotimaa/ruoka-aputoiminta/~/link/tyomme/kotimaa/ruoka-aputoiminta/~/link/tyomme/kotimaa/ruoka-aputoiminta/~/link/tyomme/kotimaa/ruoka-aputoiminta/~/link/tyomme/kotimaa/ruoka-aputoiminta/~/link/tyomme/kotimaa/ruoka-aputoiminta/~/link/tyomme/kotimaa/ruoka-aputoiminta/~/link/tyomme/kotimaa/ruoka-aputoiminta/~/link/tyomme/kotimaa/ruoka-aputoiminta/~/link/tyomme/kotimaa/ruoka-aputoiminta/~/link/tyomme/kotimaa/ruoka-aputoiminta/~/link/tyomme/kotimaa/ruoka-aputoiminta/~/link/tyomme/kotimaa/ruoka-aputoiminta/~/link/tyomme/kotimaa/ruoka-aputoiminta/~/link/tyomme/kotimaa/ruoka-aputoiminta/~/link/tyomme/kotimaa/ruoka-aputoiminta/~/link/tyomme/kotimaa/ruoka-aputoiminta/~/link/tyomme/kotimaa/ruoka-aputoiminta/~/link/tyomme/kotimaa/ruoka-aputoiminta/~/link/tyomme/kotimaa/ruoka-aputoiminta/~/link/tyomme/kotimaa/ruoka-aputoiminta/~/link/tyomme/kotimaa/ruoka-aputoiminta/~/link/416849e146054b3da9fc5ee8bed6b9c7.aspx,,,,"fi, sv, en",,414,HTTP 414
not_translated,https://vapaaehtoistieto.punainenristi.fi/jarjestotoiminta/suojelu/Muistikortit-suojelun-ja-moninaisten-tarpeiden-huomioimiseen,Muistikortit suojelun ja moninaisten tarpeiden huomioimiseen - Punainen Risti,,,"fi, sv, en",,200,
not_translated,https://vapaaehtoistieto.punainenristi.fi/terveyden-edistaminen/paihdetyo/paihdetyon-yhteystiedot,Päihdetyön yhteystiedot - Punainen Risti,,,"fi, sv, en",,200,
not_translated,https://vapaaehtoistieto.punainenristi.fi/jarjestotoiminta/koulu--ja-oppilaitosyhteistyo/oppimateriaalit/tt-koy-valmiita-materiaaleja-kouluvierailujen-tueksi-ap,Valmiita materiaaleja kouluvierailujen tueksi - Punainen Risti,,,"fi, sv, en",,200,
partially_translated,https://vapaaehtoistieto.punainenristi.fi/valmius/ensiapuryhmatoiminta/ensiapuryhmien-kouluttajat/ea-paivystajan-jatkokurssi,EA-päivystäjän jatkokurssi - Punainen Risti,,"fi, sv",en,"sv, fi",200,
partially_translated,https://vapaaehtoistieto.punainenristi.fi/jarjestotoiminta/oman-tukisivut/viimeisimmat-paivitykset,Viimeisimmät päivitykset OMA:ssa - Punainen Risti,,"fi, sv",en,"sv, fi",200,
not_translated,https://vapaaehtoistieto.punainenristi.fi/terveyden-edistaminen/paihdetyo/aineistoja_paihdetyohon/arkistojen_aarteita,Arkistojen aarteita - Punainen Risti,,,"fi, sv, en",,200,
not_translated,https://vapaaehtoistieto.punainenristi.fi/ystavatoiminta/ystavatoiminnan-koulutukset/ystavtoiminnan-taydennyskoulutukset/muistisairaan-kohtaaminen,Muistisairaan kohtaaminen - Punainen Risti,,,"fi, sv, en",,200,
not_translated,https://vapaaehtoistieto.punainenristi.fi/ystavatoiminta/ystavatoiminnan-koulutukset/ystavtoiminnan-taydennyskoulutukset/verkkoystavatoiminta,Verkkoystävätoiminta - Punainen Risti,,,"fi, sv, en",,200,
not_translated,https://vapaaehtoistieto.punainenristi.fi/valmius/kotimaan-valmius,Kotimaan valmius - Punainen Risti,,,"fi, sv, en",,200,
fully_translated,https://vapaaehtoistieto.punainenristi.fi/jarjestotoiminta/osastojen-tukimateriaalit/tietoa-uudelle-vapaaehtoiselle,Tietoa uudelle vapaaehtoiselle - Punainen Risti,,"fi, sv, en",,"en, sv, fi",200,
not_translated,https://vapaaehtoistieto.punainenristi.fi/ystavatoiminta/ystavatoiminnan-koulutukset/ystavatoiminnan-peruskurssit,Ystävätoiminnan peruskurssit - Punainen Risti,,,"fi, sv, en",,200,
fully_translated,https://vapaaehtoistieto.punainenristi.fi/verkkoauttaminen/verkkoystava,Ystävänä verkossa - Punainen Risti,,"fi, sv, en",,"en, sv, fi",200,
not_translated,https://vapaaehtoistieto.punainenristi.fi/maahanmuutto/maahanmuuttotyo/turvapaikanhakijoiden-vastaanotto,Turvapaikan-hakijoiden vastaanotto - Punainen Risti,,,"fi, sv, en",,200,
not_translated,https://vapaaehtoistieto.punainenristi.fi/maahanmuutto/maahanmuuttotyon-kouluttajat/kotoutumisen-tukena,Kotoutumisen tukena -koulutus - Punainen Risti,,,"fi, sv, en",,200,
not_translated,https://vapaaehtoistieto.punainenristi.fi/varainhankinta/yleiset-kerays-ohjeet,Yleiset keräysohjeet - Punainen Risti,,,"fi, sv, en",,200,
not_translated,https://vapaaehtoistieto.punainenristi.fi/varainhankinta/nalkapaiva,Nälkäpäivä – tietoa vapaaehtoisille - Punainen Risti,,,"fi, sv, en",,200,
fully_translated,https://vapaaehtoistieto.punainenristi.fi/jarjestotoiminta/vapaaehtoiskouluttajat/kouluttajapaivat,Kouluttajapäivät - Punainen Risti,,"fi, sv, en",,"en, sv, fi",200,
partially_translated,https://vapaaehtoistieto.punainenristi.fi/valmius/ensiapuryhmatoiminta,Ensiapuryhmä-toiminta - Punainen Risti,,"fi, sv",en,"sv, fi",200,
partially_translated,https://vapaaehtoistieto.punainenristi.fi/ystavatoiminta/kaveritaitoja-ja-kaveritaitoja-muumien-tapaan,Kaveritaitoja ja Kaveritaitoja muumien tapaan - Punainen Risti,,"fi, sv",en,"sv, fi",200,
not_translated,https://vapaaehtoistieto.punainenristi.fi/ystavatoiminta/ystavatoiminnan-koulutukset/ystavtoiminnan-taydennyskoulutukset/henkinen-tuki-ystaville,Henkinen tuki ystäville - Punainen Risti,,,"fi, sv, en",,200,
not_translated,https://vapaaehtoistieto.punainenristi.fi/terveyden-edistaminen/paihdetyo/paihdetyo-koulutuspolut,Suomen Punaisen Ristin Päihdetyön koulutuspolut - Punainen Risti,,,"fi, sv, en",,200,
fully_translated,https://vapaaehtoistieto.punainenristi.fi/jarjestotoiminta/osastojen-tukimateriaalit/vapaaehtoisuuden-tuki/eettinen-vastuullinen-ilmastoystavallinen-ja-turvallinen-vapaaehtoistoiminta/turvallisemman-tilan-periaatteet-punaisen-ristin-toiminnassa,Turvallisemman tilan periaatteet Punaisen Ristin toiminnassa - Punainen Risti,,"fi, sv, en",,"en, sv, fi",200,
not_translated,https://vapaaehtoistieto.punainenristi.fi/ystavatoiminta/ystavatoiminnan-koulutukset/ystavtoiminnan-taydennyskoulutukset/ystavana-itsenaistyvalle-nuorelle,Ystävänä itsenäistyvälle nuorelle - Punainen Risti,,,"fi, sv, en",,200,
partially_translated,https://vapaaehtoistieto.punainenristi.fi/ystavatoiminta/ystavatoiminnan-materiaalit/tapahtumamalleja,Ystävätoiminnan tapahtumamallit - Punainen Risti,,"fi, sv",en,"sv, fi",200,
fully_translated,https://vapaaehtoistieto.punainenristi.fi/nuortentoiminta/nuorten-unelmien-punainen-risti,Nuorten unelmien Punainen Risti - Punainen Risti,,"fi, sv, en",,"en, sv, fi",200,
partially_translated,https://vapaaehtoistieto.punainenristi.fi/valmius/ensiapuryhmatoiminta/ensiapuryhmien-kouluttajat/ea-paivystajan-peruskurssi,EA-päivystäjän peruskurssi - Punainen Risti,,"fi, sv",en,"sv, fi",200,
fully_translated,https://vapaaehtoistieto.punainenristi.fi/jarjestotoiminta/vapaaehtoiskouluttajat/kouluttajien-yhteiset-aineistot/punaisen-ristin-tarina--verkkokoulutus,Tervetuloa Punaiseen Ristiin -verkkokurssi - Punainen Risti,,"fi, sv, en",,"en, sv, fi",200,
not_translated,https://vapaaehtoistieto.punainenristi.fi/jarjestotoiminta/osastojen-tukimateriaalit/osastojen-tuki/osaston-luottamus--ja-yhdyshenkiloiden-ilmoittaminen,Osaston luottamus- ja yhdyshenkilöiden ilmoittaminen - Punainen Risti,,,"fi, sv, en",,200,
error,https://vapaaehtoistieto.punainenristi.fi/episerver/~/link/56bc82d6a68547f88279f7eeed7cc07c.aspx,,,,"fi, sv, en",,404,HTTP 404
fully_translated,https://vapaaehtoistieto.punainenristi.fi/nuortentoiminta/nuorten-toiminnan-tunnustukset,Nuorten toiminnan tunnustukset - Punainen Risti,,"fi, sv, en",,"en, sv, fi",200,
not_translated,https://vapaaehtoistieto.punainenristi.fi/maahanmuutto/maahanmuuttotyo/perheyhteyksien-palauttaminen/henkilotiedustelu,Henkilötiedustelu - Punainen Risti,,,"fi, sv, en",,200,
fully_translated,https://vapaaehtoistieto.punainenristi.fi/jarjestotoiminta/osastojen-tukimateriaalit/osastojen-tuki/osaston-rekisteriotteen-tilaaminen,Osaston rekisteriotteen tilaaminen - Punainen Risti,,"fi, sv, en",,"en, sv, fi",200,
partially_translated,https://vapaaehtoistieto.punainenristi.fi/maahanmuutto/rasismin-vastainen-viikko,Osallistu rasisminvastaiseen viikkoon - Punainen Risti,,"fi, sv",en,"sv, fi",200,
not_translated,https://vapaaehtoistieto.punainenristi.fi/uudistuu/usein-kysytyt-kysymykset-osastosivuista,Usein kysytyt kysymykset osastosivuista - Punainen Risti,,,"fi, sv, en",,200,
fully_translated,https://vapaaehtoistieto.punainenristi.fi/jarjestotoiminta/osastojen-tukimateriaalit/osastojen-tuki/osastokummitoiminta,Osastokummitoiminta - Punainen Risti,,"fi, sv, en",,"en, sv, fi",200,
not_translated,https://vapaaehtoistieto.punainenristi.fi/terveyden-edistaminen/paihdetyo/paihdetyon_uutiset/uutiset-paihdetyo/paihteita-kayttavien-ihmisten-ensiapukoulutus-huumekuolemien-ehkaisya-ja-ensiapua,Päihteitä käyttävien ihmisten: huumekuolemien ehkäisyä ja ensiapua - Punainen Risti,,,"fi, sv, en",,200,
not_translated,https://vapaaehtoistieto.punainenristi.fi/ystavatoiminta/ystavatoiminnan-koulutukset/ystavtoiminnan-taydennyskoulutukset/ulkoiluystavana-palvelutaloymparistossa,Ulkoiluystävänä palvelutaloympäristössä - Punainen Risti,,,"fi, sv, en",,200,
not_translated,https://vapaaehtoistieto.punainenristi.fi/maahanmuutto/maahanmuuttotyo/kotoutumisen-tuki/hyvia-kaytantoja,Hyviä käytäntöjä - Punainen Risti,,,"fi, sv, en",,200,
not_translated,https://vapaaehtoistieto.punainenristi.fi/ystavatoiminta/ystavatoiminnan-koulutukset/ystavatoiminnan-peruskurssit/ystavakurssi-ukrainaksi-ja-venajaksi,Ystäväkurssi ukrainaksi ja venäjäksi - Punainen Risti,,,"fi, sv, en",,200,
partially_translated,https://vapaaehtoistieto.punainenristi.fi/valmius/ensiapuryhmatoiminta/ensiapuryhmien-kouluttajat/ea-paivystysten-hallinnointi,EA-päivystysten hallinnointi - Punainen Risti,,"fi, sv",en,"sv, fi",200,
not_translated,https://vapaaehtoistieto.punainenristi.fi/jarjestotoiminta/osastojen-tukimateriaalit/vapaaehtoisuuden-tuki/eettinen-vastuullinen-ilmastoystavallinen-ja-turvallinen-vapaaehtoistoiminta/sopuisasti-punaisessa-ristissa/vapaaehtoisen-toimintakielto,Vapaaehtoisen toimintakielto SPR - Punainen Risti,,,"fi, sv, en",,200,
not_translated,https://vapaaehtoistieto.punainenristi.fi/terveyden-edistaminen/paihdetyo/paihdetyo-koulutuspolut/terveyden_edistamisen_toimintaryhmat,Terveyden edistämisen toimintaryhmät - Punainen Risti,,,"fi, sv, en",,200,
partially_translated,https://vapaaehtoistieto.punainenristi.fi/jarjestotoiminta/vapaaehtoiskouluttajat/jarjestokouluttajat,Järjestökouluttajat - Punainen Risti,,"fi, sv",en,"sv, fi",200,
not_translated,https://vapaaehtoistieto.punainenristi.fi/ystavatoiminta/ystavatoiminnan-koulutukset/ystavakouluttajana-toimiminen,Ystäväkouluttajana toimiminen - Punainen Risti,,,"fi, sv, en",,200,
not_translated,https://vapaaehtoistieto.punainenristi.fi/aakkoshaku,Vapaaehtoistieto aakkosittain - Punainen Risti,,,"fi, sv, en",,200,
not_translated,https://vapaaehtoistieto.punainenristi.fi/terveyden-edistaminen/paihdetyo/paihdetyon_uutiset/uutiset-paihdetyo/voisitko-sina-kouluttaa-ensiapua-paihteita-kayttaville-ihmisille,Voisitko sinä kouluttaa ensiapua päihteitä käyttäville ihmisille? - Punainen Risti,,,"fi, sv, en",,200,
not_translated,https://vapaaehtoistieto.punainenristi.fi/terveyden-edistaminen/arjen-turvallisuus/turvallisuuskampanjat/menneet-tapaturmapaiva-tapahtumat,Menneet Tapaturmapäivä-tapahtumat - Punainen Risti,,,"fi, sv, en",,200,
not_translated,https://vapaaehtoistieto.punainenristi.fi/terveyden-edistaminen/terveyden-edistamisen-toimintakalenteri,Terveyden edistämisen toimintakalenteri 2026 - Punainen Risti,,,"fi, sv, en",,200,
not_translated,https://vapaaehtoistieto.punainenristi.fi/jarjestotoiminta/osastojen-tukimateriaalit,Osastojen tukimateriaalit - Punainen Risti,,,"fi, sv, en",,200,
not_translated,https://vapaaehtoistieto.punainenristi.fi/maahanmuutto/maahanmuuttotyon-kouluttajat/paperittomat-ja-punainen-risti,Paperittomat ja Punainen Risti -koulutus - Punainen Risti,,,"fi, sv, en",,200,
not_translated,https://vapaaehtoistieto.punainenristi.fi/varainhankinta/yleiset-kerays-ohjeet/eri-maksutavat,Eri maksutavat - Punainen Risti,,,"fi, sv, en",,200,
not_translated,https://vapaaehtoistieto.punainenristi.fi/ruoka-apu/tietoa-ja-tukea-vapaaehtoisille/taydenna-osaamistasi,Täydennä osaamistasi - Punainen Risti,,,"fi, sv, en",,200,
fully_translated,https://vapaaehtoistieto.punainenristi.fi/jarjestotoiminta/osastojen-tukimateriaalit/vapaaehtoisuuden-tuki/eettinen-vastuullinen-ilmastoystavallinen-ja-turvallinen-vapaaehtoistoiminta/turvallisuus-vapaaehtoistoiminnassa,Turvallisuus vapaaehtoistoiminnassa - Punainen Risti,,"fi, sv, en",,"en, sv, fi",200,
not_translated,https://vapaaehtoistieto.punainenristi.fi/varainhankinta/nalkapaiva/kerayksen-jarjestaminen,Keräyksen materiaalit - Punainen Risti,,,"fi, sv, en",,200,
not_translated,https://vapaaehtoistieto.punainenristi.fi/ystavatoiminta/ystavatoiminnan-koulutukset/ystavtoiminnan-taydennyskoulutukset/ystavavalittaja-koulutus,Ystävävälittäjä koulutus - Punainen Risti,,,"fi, sv, en",,200,
fully_translated,https://vapaaehtoistieto.punainenristi.fi/jarjestotoiminta/oman-tukisivut/oman-osastojen-hallintanakymat,OMA:n osastojen hallintanäkymä - Punainen Risti,,"fi, sv, en",,"en, sv, fi",200,
partially_translated,https://vapaaehtoistieto.punainenristi.fi/ystavatoiminta/ystavatoiminnan-materiaalit/ystavanpaiva,Ystävänpäivä 2026 - Punainen Risti,,"fi, sv",en,"sv, fi",200,
not_translated,https://vapaaehtoistieto.punainenristi.fi/terveyden-edistaminen/arjen-turvallisuus/turvakoutsien-taydennyskoulutuksia-ja-tapaamisia-2025,Turvakoutsien täydennyskoulutuksia ja tapaamisia 2025 - Punainen Risti,,,"fi, sv, en",,200,
fully_translated,https://vapaaehtoistieto.punainenristi.fi/jarjestotoiminta/vapaaehtoisten-digitaaliset-palvelut/saavutettavuusselosteet,Vapaaehtoisten digitaalisten palveluiden saavutettavuusselosteet - Punainen Risti,,"fi, sv, en",,"en, sv, fi",200,
not_translated,https://vapaaehtoistieto.punainenristi.fi/jarjestotoiminta/osastojen-tukimateriaalit/osastojen-tuki/osaston-talousohjeet/talousohjeet-rooleittain,Talousohjeet rooleittain - Punainen Risti,,,"fi, sv, en",,200,
partially_translated,https://vapaaehtoistieto.punainenristi.fi/ystavatoiminta/sahkoisen-ystavavalityksen-ohje/kortit-ja-hallinta,Ystävävälityksen kortit ja hallinta - Punainen Risti,,"fi, sv",en,"sv, fi",200,
fully_translated,https://vapaaehtoistieto.punainenristi.fi/jarjestotoiminta/vapaaehtoiskouluttajat/kouluttajien-yhteiset-aineistot/verkkokurssit-ja-etakoulutukset,Verkkokurssit - Punainen Risti,,"fi, sv, en",,"en, sv, fi",200,
not_translated,https://vapaaehtoistieto.punainenristi.fi/maahanmuutto/maahanmuuttotyo/yhteistyoverkostot/kotoutumistarjotin,Kotoutumistarjotin - Punainen Risti,,,"fi, sv, en",,200,
fully_translated,https://vapaaehtoistieto.punainenristi.fi/jarjestotoiminta/oman-tukisivut/oman-kayttajatasot,OMA:n käyttäjätasot - Punainen Risti,,"fi, sv, en",,"en, sv, fi",200,
not_translated,https://vapaaehtoistieto.punainenristi.fi/maahanmuutto/maahanmuuttotyo/kotoutumisen-tuki/teema--ja-toimintaryhmat,Teema- ja toimintaryhmät - Punainen Risti,,,"fi, sv, en",,200,
not_translated,https://vapaaehtoistieto.punainenristi.fi/valmius/kotimaan-valmius/kotimaan-apu,Kotimaan apu - Punainen Risti,,,"fi, sv, en",,200,
not_translated,https://vapaaehtoistieto.punainenristi.fi/terveyden-edistaminen/arjen-turvallisuus/turvallisuuskampanjat/menneet-tapaturmapaiva-tapahtumat/tapaturmapaiva-13.92.2024,Tapaturmapäivä 13.9.2024 - Punainen Risti,,,"fi, sv, en",,200,
not_translated,https://vapaaehtoistieto.punainenristi.fi/viestinta/viestinnan-vapaaehtoiskouluttajat,Viestinnän kouluttajat - Punainen Risti,,,"fi, sv, en",,200,
not_translated,https://vapaaehtoistieto.punainenristi.fi/ystavatoiminta/ystavatoiminnan-koulutukset/ystavatoiminnan-peruskurssit/ystavakurssi-selkokielella,Ystäväkurssi selkokielellä - Punainen Risti,,,"fi, sv, en",,200,
fully_translated,https://vapaaehtoistieto.punainenristi.fi/nuortentoiminta/nuorten-toiminnan-tunnustukset/nuori-vapaaehtoinen-tunnustus,Nuori vapaaehtoinen -tunnustus - Punainen Risti,,"fi, sv, en",,"en, sv, fi",200,
not_translated,https://vapaaehtoistieto.punainenristi.fi/maahanmuutto/maahanmuuttotyo/yhteistyoverkostot/valtakunnallinen-vastaanottotoiminnan-ja-kotoutumisen-tuen-jarjestoverkosto,Valtakunnallinen vastaanottotoiminnan ja kotoutumisen tuen järjestöverkosto - Punainen Risti,,,"fi, sv, en",,200,
not_translated,https://vapaaehtoistieto.punainenristi.fi/viestinta/viestinnan-vapaaehtoiskouluttajat/osastoviestinnan-perusteet,Osastoviestinnän perusteet -koulutus Punaisen Ristin vapaaehtoisille - Punainen Risti,,,"fi, sv, en",,200,
partially_translated,https://vapaaehtoistieto.punainenristi.fi/terveyden-edistaminen/arjen-turvallisuus/turvallisuuskampanjat/tapaturmapaiva-2026,Tapaturmapäivä 2026 - Punainen Risti,,"fi, sv",en,"sv, fi",200,
not_translated,https://vapaaehtoistieto.punainenristi.fi/terveyden-edistaminen/paihdetyo/aineistoja_paihdetyohon/valot-vintissa-peli,Valot vintissä -peli - Punainen Risti,,,"fi, sv, en",,200,
not_translated,https://vapaaehtoistieto.punainenristi.fi/maahanmuutto/maahanmuuttotyo/vaikuttamistyo,Vaikuttamistyö - Punainen Risti,,,"fi, sv, en",,200,
not_translated,https://vapaaehtoistieto.punainenristi.fi/maahanmuutto/maahanmuuttotyo/vapaaehtoiset-kertovat/leenan-tarina---ystavana-suomeen-muuttaneelle,Leenan tarina - ystävänä Suomeen muuttaneelle - Punainen Risti,,,"fi, sv, en",,200,
partially_translated,https://vapaaehtoistieto.punainenristi.fi/ystavatoiminta/sahkoisen-ystavavalityksen-ohje/ystavaparit-ja-valitystyo,Ystäväparit ja välitystyö - Punainen Risti,,"fi, sv",en,"sv, fi",200,
not_translated,https://vapaaehtoistieto.punainenristi.fi/terveyden-edistaminen/arjen-turvallisuus/turvallisuuskampanjat/menneet-tapaturmapaiva-tapahtumat/tapaturmapaiva-13.6.2025,Tapaturmapäivä 13.6.2025 - Punainen Risti,,,"fi, sv, en",,200,
not_translated,https://vapaaehtoistieto.punainenristi.fi/jarjestotoiminta/osastojen-tukimateriaalit/osastojen-tuki/osaston-kehittamistyokalu,Osaston kehittämistyökalu - Punainen Risti,,,"fi, sv, en",,200,
